{"cameraMode":{"drawMode":0,"name":"Shaded","section":"Shading Mode"},"sceneLighting":true,"audioPlay":false,"sceneViewState":{"showFog":true,"showMaterialUpdate":false,"showSkybox":true,"showFlares":true,"showImageEffects":true,"showParticleSystems":true},"in2DMode":false,"pivot":{"x":3.9175901412963869,"y":5.732186794281006,"z":-7.001235008239746},"rotation":{"x":-0.13205666840076447,"y":0.391830712556839,"z":-0.05694051459431648,"w":-0.9087298512458801},"size":8.504944801330567,"orthographic":false}